Variable,display_name,caption_text,plot_type,palette,reverse_palette
GEOID,GEOID,NA,NA,NA,NA
YEAR,year,NA,NA,NA,NA
NAME,NAME,NA,NA,NA,NA
MCD,Maternity care access (2016),March of Dimes Maternity Care Access Level,categorical,"c(""#CDBCEC"", ""#FFAD81"", ""#FF772E"", ""#E8001F"")",
MDrate,Physicians per capita,"# of MD's per 100,000 population",sequential,YlGnBu,0
OBGYNrate,OBYNS per capita,"# of OBGYN's per 100,000 population",sequential,YlGnBu,0
rtMHPRACT,Mental health providers per capita (2007-2015 only),"# of Mental Health Professionals per 100,000 population",sequential,YlGnBu,0
PCTFEMUNINSURED,Percent women uninsured,% women 15-44 without health insurance,sequential,YlGnBu,0
rtTEENBIRTH,Teen birth rate,"# births to women 15-19 per 1,000",sequential,YlGnBu,0
pctOBESE,% Obese (2010-2015 only),% population >18 obese,sequential,YlGnBu,0
pctFAIRPOORHLTH,% Fair/Poor health (2010-2015 only),% population reporting fair/poor health,sequential,YlGnBu,0
pctSPHH,% Single parent households,% households with children headed by single parent,sequential,YlGnBu,0
pctFHH,% Female headed household,% female-headed single parent households,sequential,YlGnBu,0
pctHOUSE_DISTRESS,% Housing distress (2014-2015 only),% of households with severe housing problems,sequential,YlGnBu,0
pctOVERCROWDHH,% Housing overcrowding,% Households with >1 person per room,sequential,YlGnBu,0
pctMOVE,% Recently moved,% of households who moved in the past year,sequential,YlGnBu,0
pctNOHS,% No high school,% of adults over 25 without high school degree or equivalent,sequential,YlGnBu,0
pctNOHS_BLK,"% No high school, Black",% of Black adults over 25 without high school degree or equivalent,sequential,YlGnBu,0
pctNOHS_HISP,"% No high school, Hispanic",% of Hispanic adults over 25 without high school degree or equivalent,sequential,YlGnBu,0
pctNOHS_NHWHT,"% No high school, White",% of non-Hispanic White adults over 25 without high school degree or equivalent,sequential,YlGnBu,0
pctCOLL_BLK,"% College, Black",% of Black adults over 25 with Bachelors or higher,sequential,YlGnBu,0
pctCOLL_HISP,"% College, Hispanic",% of Hispanic adults over 25 with Bachelors or higher,sequential,YlGnBu,0
pctCOLL_NHWHT,"% College, White",% of non-Hispanic White adults over 25 with Bachelors or higher,sequential,YlGnBu,0
pctPOV,% Poverty,% population below federal poverty line,sequential,YlGnBu,0
pctPOV_BLK,"% Poverty, Black",% Black population below federal poverty line,sequential,YlGnBu,0
pctPOV_HISP,"% Poverty, Hispanic",% Hispanic population below federal poverty line,sequential,YlGnBu,0
pctPOV_NHWHT,"% Poverty, White",% non-Hispanic White population below federal poverty line,sequential,YlGnBu,0
BWPOVRR,Black-White disparity in poverty rate,Black-White ratio of % below poverty line,divergent,RdYlGn,1
MEDHHINC_BLK,"Median household income, Black","Median household income, Black",sequential,YlGnBu,0
MEDHHINC_HISP,"Median household income, Hispanic","Median household income, Hispanic",sequential,YlGnBu,0
MEDHHINC_NHWHT,"Median household income, non-Hispanic White","Median household income, non-Hispanic White",sequential,YlGnBu,0
BWMEDINCOMERR,Black-White disparity in median HH income,Black-White ratio of median household income,divergent,RdYlGn,1
pctOWNER_OCC,% Owner occupied housing,% Households owner occupied,sequential,YlGnBu,0
pctOWNER_OCC_BLK,% Black owner occupied housing,% Black households owner occupied,sequential,YlGnBu,0
pctOWNER_OCC_HISP,% Hispanic owner occupied housing,% Hispanic households owner occupied,sequential,YlGnBu,0
pctOWNER_OCC_NHWHT,% White owner occupied housing,% White households owner occupied,sequential,YlGnBu,0
pctPUBLICASST,% Receiving public assistance,% Households receiving public assistance,sequential,YlGnBu,0
NDI_scale,Neighbor Deprivation Index,Neighborhood Deprivation Index,divergent,RdYlGn,1
INCOME_8020,Income inequality ,"Income inequality (households with $125,000+ per year vs < $20,000 per year )",divergent,RdYlGn,1
INCOME_8020_BLK,"Income inequality, Black","Income inequality (Blackhouseholds with $125,000+ per year vs < $20,000 per year )",divergent,RdYlGn,1
INCOME_8020_WHT,"Income inequality, White","Income inequality (White households with $125,000+ per year vs < $20,000 per year )",divergent,RdYlGn,1
ICE_INCOME_all,Index of concentration at extremes (ICE),Concentration of affluence versus poverty,divergent,PuOr,0
rtSocASSOC,Social associations per capita (2007-2015 only),"# of social association per 10,000 population",sequential,YlGnBu,0
SocCap,Social Capital Index,"Rupasingha, et al Social Capital Index",divergent,RdYlGn,1
rtVIOLENTCR_ICPSR,Violent crime rate (2007-2014 only),"Violent crimes per 100,000 persons",sequential,YlGnBu,0
race_entropy,Racial diversity (entropy 2010),Racial entropy measure of diversity,sequential,YlGnBu,0
pctBLK,% Black  ,% of population Black,sequential,YlGnBu,0
pctHISP,% Hispanic  ,% of population Hispanic,sequential,YlGnBu,0
rtOPIOIDPRESCRIPT,Opioid prescription rate (2007-2015 only),Retail opiod prescription rates per 100 persons,sequential,YlGnBu,0
rtDRUGPOISON,Drug poisoning mortality rate (2007-2015 only),"Drug poisoning deaths per 100,000",sequential,YlGnBu,0
RUCA,Rural-Urban ,USDA Rural Urban Codes,categorical,Set1,0
