variable,caption_text,measure,quantiles,palette_fxn,plot_type,centered_at,palette,reverse_palette,log_transform
Black - White Ratio,Black-White population ratio,ratio,no,colorNumeric,diverging,1,RdYlGn,1,1
Education - College or higher,% of adults over 25 with Bachelors or higher,percent,yes,colorFactor,sequential,NA,YlGnBu,0,0
Education - High School or GED,"% of adults over 25 with High School degree or equivalent, but no college degree or higher",percent,yes,colorFactor,sequential,NA,YlGnBu,0,0
Education - Less than High School,% of adults over 25 without a High School degree or equivalent,percent,yes,colorFactor,sequential,NA,YlGnBu,0,0
Median Income,Median household income,percent,yes,colorFactor,sequential,NA,YlGnBu,0,0
Percent Black,% of population Black,percent,yes,colorFactor,sequential,NA,YlGnBu,0,0
Percent Hispanic,% of population Hispanic,percent,yes,colorFactor,sequential,NA,YlGnBu,0,0
Percent White,% of population White,percent,yes,colorFactor,sequential,NA,YlGnBu,0,0
Female Poverty Rate,Poverty rate experienced by women,rate,yes,colorFactor,sequential,NA,YlGnBu,0,0
Household Poverty Rate,Household poverty rate,rate,yes,colorFactor,sequential,NA,YlGnBu,0,0
Housing Stability,Proportion of population that has resided in thecounty for previous 1-5 years,percent,yes,colorFactor,sequential,NA,YlGnBu,0,0
Housing Tenure,Proportion owners versus renters,percent,yes,colorFactor,sequential,NA,YlGnBu,0,0
