variable,caption_text,measure,quantiles,palette_fxn,plot_type,centered_at,palette,reverse_palette,log_transform
White PTB/1000,Preterm birth rate for Non-Hispanic White mothers,rate,yes,colorFactor,sequential,NA,YlGnBu,0,0
Black PTB/1000,Preterm birth rate for Non-Hispanic Black mothers,rate,yes,colorFactor,sequential,NA,YlGnBu,0,0
Black - White Rate Ratio,Black-White preterm birth rate ratio,ratio,no,colorNumeric,diverging,1,RdYlGn,1,1
Black-White Rate Difference,Black-White preterm birth rate difference,rate_difference,yes,colorFactor,sequential,NA,YlGnBu,0,0
