Variable,display_name,definition,caption_text,plot_type,palette,reverse_palette
GEOID,GEOID,"County FIPS code, 2017 vintage",NA,NA,NA,NA
year,year,"Year of birth, 2007-2017",NA,NA,NA,NA
NAME,NAME,County name without state,NA,NA,NA,NA
ptb_hisp,Hispanic PTB Rate,preterm birth rate for Hispanics,Preterm birth rate for Hispanic mothers,sequential,BuPu,0
ptb_blk,Black PTB Rate,preterm birth rate for NH Blacks,Preterm birth rate for Non-Hispanic Black mothers,sequential,BuPu,0
ptb_wht,White PTB Rate,preterm birth rate for NH Whites,Preterm birth rate for Non-Hispanic White mothers,sequential,BuPu,0
ptb_tot,Total PTB Rate,preterm birth rate for total population,Preterm birth rate for total maternal population ,sequential,BuPu,0
ptb_bw_rr,Black-White PTB Rate Ratio,Black-White preterm birth rate ratio,Black-White preterm birth rate ratio,divergent,PRGn,1
ptb_hw_rr,Hispanic-White PTB Rate Ratio,Hispanic-White preterm birth rate ratio,Hispanic-White preterm birth rate ratio,divergent,PRGn,1
ptb_bw_rd,Black-White PTB Rate Difference,Black-White preterm birth rate difference,Black-White preterm birth rate difference,divergent,PRGn,1
ptb_hw_rd,Hispanic-White PTB Rate Difference,Hispanic-White preterm birth rate difference,Hispanic-White preterm birth rate difference,divergent,PRGn,1
vptb_hisp,Hispanic VPTB Rate,very preterm birth rate for Hispanics,Very preterm birth rate for Hispanic mothers,sequential,BuPu,0
vptb_blk,Black VPTB Rate,very preterm birth rate for NH Blacks,Very preterm birth rate for Non-Hispanic Black mothers,sequential,BuPu,0
vptb_wht,White VPTB Rate,very preterm birth rate for NH Whites,Very preterm birth rate for Non-Hispanic White women,sequential,BuPu,0
vptb_tot,Total VPTB Rate,very preterm birth rate for total population,Very preterm birth rate for total maternal population,sequential,BuPu,0
vptb_bw_rr,Black-White VPTB Rate Ratio,Black-White very preterm birth rate ratio,Black-White very preterm birth rate ratio,divergent,PRGn,1
vptb_hw_rr,Hispanic-White VPTB Rate Ratio,Hispanic-White very preterm birth rate ratio,Hispanic-White very preterm birth rate ratio,divergent,PRGn,1
vptb_bw_rd,Black-White VPTB Rate Difference,Black-White very preterm birth rate difference,Black-White very preterm birth rate difference,divergent,PRGn,1
vptb_hw_rd,Hispanic-White VPTB Rate Difference,Hispanic-White very preterm birth rate difference,Hispanic-White very preterm birth rate difference,divergent,PRGn,1
